role,question,answer
TEACHER,How do you differentiate instruction for diverse learners?,"I use tiered assignments, flexible grouping, and multimodal teaching (visual, auditory, kinesthetic). For advanced students, I add depth/complexity; for struggling learners, I scaffold with graphic organizers and modified texts."
TEACHER,Describe your classroom management strategy.,"I establish clear routines, positive reinforcement systems (like ClassDojo), and restorative practices. Non-verbal cues and proximity control minimize disruptions while maintaining lesson flow."
TEACHER,How do you incorporate technology in lessons?,"I use interactive tools like Nearpod for engagement, Flipgrid for student videos, and adaptive platforms (IXL) for personalized practice. Tech is always purpose-driven, not just decorative."
TEACHER,What's your approach to parent communication?,"Weekly newsletters, ClassTag app updates, and proactive calls for both concerns and praise. I involve parents in goal-setting conferences and classroom volunteer opportunities."
TEACHER,How do you assess student understanding?,"Formative assessments (exit tickets, Kahoot quizzes) guide daily instruction. Summative projects and rubrics evaluate mastery, while portfolios track growth over time."
TEACHER,Describe a successful lesson you taught.,My 'Fractions in Baking' lesson used measuring cups and recipe scaling. Hands-on application helped 92% of students master equivalent fractions—verified by pre/post-test data.
TEACHER,How do you support ESL students?,"Visual aids, sentence frames, and peer buddies bridge language gaps. I preview vocabulary and use Total Physical Response (TPR) for abstract concepts."
TEACHER,What's your philosophy on homework?,"I assign purposeful, limited practice (10 mins x grade level) tied to class objectives. Alternatives like reading logs or family interviews promote balanced schedules."
,,
SALES,How do you handle price objections?,"I reframe conversations around ROI, offering cost-benefit analyses and flexible payment plans. When budget is tight, I highlight must-have features first."
SALES,What's your cold outreach strategy?,"I research prospects on LinkedIn, personalize emails with their pain points, and follow up with value-added content (case studies). A/B testing optimizes subject lines."
SALES,How do you build long-term client relationships?,"Quarterly business reviews, proactive check-ins, and sharing industry insights position me as a trusted advisor—not just a vendor. I celebrate their milestones personally."
SALES,Describe your sales process.,"Discovery calls identify needs, demos showcase solutions, and trial closes gauge interest. I use MEDDIC (Metrics, Economic Buyer, Decision Criteria) for complex deals."
SALES,How do you use CRM tools?,"Salesforce tracks interactions, automates follow-ups, and forecasts pipelines. I tag deals by stage and set reminders for timely touchpoints to avoid stagnation."
SALES,What metrics do you track?,"Conversion rates, average deal size, sales cycle length, and churn. Leading indicators like proposal volume and demo-to-close ratios predict quarterly performance."
SALES,How do you upsell existing clients?,I analyze their usage patterns to recommend relevant add-ons. Bundling services or annual contracts creates mutual value while boosting ACV (Average Contract Value).
SALES,Describe a time you lost a deal. What did you learn?,"I once failed to identify the economic buyer early. Now, I map stakeholders using Power Base Matrix and tailor messaging to each decision-maker’s priorities."
,,
INFORMATION-TECHNOLOGY,Explain DNS in simple terms.,DNS translates domain names (google.com) to IP addresses (142.250.190.78) via a global directory. Recursive resolvers query root/TLD/authoritative servers in milliseconds.
INFORMATION-TECHNOLOGY,What's the difference between HTTP and HTTPS?,"HTTPS adds SSL/TLS encryption to HTTP, securing data in transit. It uses port 443 and requires certificates (e.g., Let’s Encrypt) to prevent man-in-the-middle attacks."
INFORMATION-TECHNOLOGY,How do you troubleshoot a slow network?,"I check bandwidth usage (Wireshark), test latency (ping/traceroute), and inspect hardware (switch logs). QoS prioritizes critical traffic, while segmentation reduces broadcast storms."
INFORMATION-TECHNOLOGY,What are microservices?,"Microservices break apps into independent, API-connected services (e.g., auth, payments). Benefits include scalability and fault isolation, but require Kubernetes for orchestration."
INFORMATION-TECHNOLOGY,Describe your approach to backups.,"3-2-1 rule: 3 copies, 2 media types (cloud + NAS), 1 offsite. Weekly full + daily incremental backups, with restoration drills validating recovery procedures."
INFORMATION-TECHNOLOGY,What is CI/CD?,"Continuous Integration (automated code merging/testing) + Continuous Delivery (automated deployments). Tools like Jenkins/GitHub Actions enable rapid, low-risk releases."
INFORMATION-TECHNOLOGY,How do you secure a server?,"Harden with firewalls (iptables), disable root SSH, patch weekly, and configure fail2ban. Least-privilege access and encrypted disks (LUKS) add layers."
INFORMATION-TECHNOLOGY,Explain OAuth 2.0 flow.,Users grant limited access to their data via tokens (not credentials). Redirects to auth providers (Google/Facebook) return access/refresh tokens for API calls—secure and scalable.
,,
HEALTHCARE,How do you ensure HIPAA compliance?,"Encrypt PHI (AES-256), audit access logs, and train staff annually. BAAs with vendors and minimum necessary access controls are critical for compliance."
HEALTHCARE,What's the difference between EHR and EMR?,"EMRs are digital charts within one organization; EHRs share data across providers. EHRs support interoperability (e.g., lab results flowing to specialists automatically)."
HEALTHCARE,How do you handle patient no-shows?,"Automated reminders (text/email), waitlists, and small fees reduce no-shows. We analyze patterns to overbook strategically without compromising care quality."
HEALTHCARE,Describe infection control protocols.,"Standard precautions (hand hygiene, PPE) plus transmission-based measures (airborne/droplet/contact). Sterilization validation (biological indicators) ensures autoclave effectiveness."
HEALTHCARE,What's your experience with telemedicine?,"I use HIPAA-compliant platforms (Doxy.me) for virtual visits. Protocols cover tech checks, digital consent, and follow-up workflows mirroring in-person care."
HEALTHCARE,How do you manage medication errors?,"Barcode scanning (eMAR), independent double-checks, and anonymous reporting systems create a just culture. Root cause analysis prevents recurrence."
HEALTHCARE,What's SBAR in communication?,Situation-Background-Assessment-Recommendation structures handoffs. Example: 'S: Pt has fever. B: Post-op day 2. A: Wound erythema noted. R: Please assess for infection.'
HEALTHCARE,How do you handle difficult patients?,"Active listening and empathy de-escalate tensions. Setting clear boundaries ('I want to help, but I can’t tolerate yelling') maintains therapeutic relationships."
,,
FINANCE,Explain the difference between GAAP and IFRS.,"GAAP (US) is rule-based with strict revenue recognition guidelines. IFRS (global) is principle-based, allowing more judgment (e.g., on R&D capitalization)."
FINANCE,How do you forecast cash flow?,"Historical trends + receivables/payables aging inform 13-week forecasts. Scenario planning (best/worst case) prepares for volatility, with weekly variance analysis."
FINANCE,What's DCF valuation?,"Discounted Cash Flow projects future cash flows, then discounts them to present value using WACC. Terminal value accounts for perpetual growth beyond the forecast period."
FINANCE,Describe month-end close process.,"Reconcile accounts, accrue expenses, review GL entries, and generate financials by day 5. Checklists and automation (BlackLine) reduce errors and speed reporting."
FINANCE,How do you analyze financial ratios?,"Liquidity (current ratio >1.5), profitability (gross margin trends), and leverage (debt/EBITDA <3x) reveal financial health. Peer benchmarking adds context."
FINANCE,What's your experience with ERP systems?,"I’ve implemented NetSuite modules (GL, AP, AR) and trained teams. Custom dashboards pull real-time KPIs, while approval workflows enforce controls."
FINANCE,How do you detect fraud?,"Benford’s Law tests for anomalous digit patterns. I investigate duplicate payments, ghost vendors, and lifestyle audits when red flags appear."
FINANCE,What's the difference between NPV and IRR?,"NPV shows absolute profit in today’s dollars, while IRR is the breakeven return rate. NPV is better for comparing projects of different sizes/timings."
,,
role,question,answer
HR,How do you handle employee conflicts?,"I mediate with active listening, identify root causes, and facilitate win-win solutions. For serious issues, I document interactions and follow progressive discipline policies while ensuring due process."
HR,What's your approach to performance reviews?,"I use continuous feedback (weekly 1:1s) supplemented by quarterly formal reviews with SMART goals. Calibration sessions ensure fairness across teams, and development plans address skill gaps."
HR,How do you improve employee engagement?,"Survey tools (Gallup Q12) identify pain points, then we implement solutions like mentorship programs, flexible work options, and recognition systems. Exit interview analysis prevents recurring issues."
HR,Describe your recruitment strategy.,"We use structured interviews with scorecards to reduce bias, leverage LinkedIn Recruiter for passive candidates, and partner with diverse professional organizations to widen talent pools."
HR,What's your compensation philosophy?,"We benchmark salaries against industry standards (Radford/Mercer data), offer pay-for-performance incentives, and ensure pay equity through annual audits. Total rewards include non-monetary benefits."
HR,How do you handle layoffs?,"With transparency about business reasons, generous severance packages, and outplacement services. Remaining staff receive morale support and clear communication about company stability."
HR,What's your experience with HRIS systems?,"I've implemented Workday modules (HCM, Payroll, Talent) and trained employees. Automated workflows for onboarding/offboarding reduce administrative burdens by 40%."
HR,How do you promote diversity and inclusion?,"Blind resume screening, diverse interview panels, and ERGs (Employee Resource Groups) create equity. Unconscious bias training and mentorship programs foster inclusive cultures."
,,
ENGINEERING, What is the difference between a process and a thread?,A process is an independent program in execution with its own memory space.A thread is the smallest unit of execution within a process and shares memory with other threads in the same process.
ENGINEERING,What are the four pillars of Object-Oriented Programming (OOP),Encapsulation Bundling data and methods that operate on that data.Abstraction Hiding complex details and showing only the essential features.Inheritance Deriving new classes from existing ones.Polymorphism Same function behaving differently in different contexts.
ENGINEERING,"What is Git, and why is it used?","Git is a version control system used to track changes in source code.It helps in collaboration, branching, merging, and reverting changes safely."
ENGINEERING,What is SDLC,"I use SolidWorks for parametric modeling, ANSYS for simulation, and AutoCAD for 2D schematics. Model-based definition (MBD) embeds GD&T directly into 3D files for manufacturing."
ENGINEERING,How do you reduce product cost?,"The Software Development Life Cycle (SDLC) is a step-by-step process to design, develop, test, and maintain software efficiently. It ensures quality and systematic development through phases like planning, design, coding, testing, and deployment."
ENGINEERING,What is refactoring?,Refactoring is the process of restructuring existing code to improve its readability and maintainability without altering its behavior.
ENGINEERING,What are the differences between a stack and a queue,"A stack is a Last In, First Out (LIFO) structure, where elements are added and removed from the same end. A queue is First In, First Out (FIFO), where elements are added at the rear and removed from the front."
ENGINEERING,What is a deadlock in operating systems,"A deadlock occurs when two or more processes are blocked forever, each waiting for the other to release a resource. "
,,
DIGITAL-MEDIA,What makes content viral?,"Content goes viral when it evokes high-arousal emotions (awe, anger), offers practical value, and is optimized for sharing (short, platform-native formats). Algorithm-friendly elements like watch time boost distribution."
DIGITAL-MEDIA,How do you measure content ROI?,"We track consumption (views, completion rates), engagement (shares, comments), and conversions (CTR, lead gen). Attribution models (first/last touch) show how content influences sales pipelines."
DIGITAL-MEDIA,What's your SEO strategy?,"Keyword research (Ahrefs), pillar-cluster content architecture, and technical SEO (site speed, structured data). Backlink building through guest posts and HARO increases domain authority."
DIGITAL-MEDIA,Describe your video production process.,"Pre-production: Scripting and storyboards. Production: 4K footage with proper lighting/audio. Post-production: Editing (Premiere Pro), color grading, and platform-specific optimizations (vertical for TikTok)."
DIGITAL-MEDIA,How do you leverage user-generated content?,"We run hashtag campaigns, feature customer testimonials, and incentivize reviews. Moderation tools filter quality submissions, which we repurpose across ads and social proof galleries."
DIGITAL-MEDIA,What's your paid media approach?,"A/B test creatives and audiences, then scale winners. Retargeting captures abandoned carts, while lookalike audiences expand reach. We monitor frequency to avoid ad fatigue."
DIGITAL-MEDIA,How do you stay updated on trends?,"I attend Web Summit and Cannes Lions, follow ThinkWithGoogle, and experiment with emerging platforms (e.g., testing Threads vs. Twitter for brand voice fit)."
DIGITAL-MEDIA,What's your community management style?,"We set clear guidelines, respond within 4 hours (even to negative comments), and foster discussions with polls/Q&As. Brand voice balances professionalism with relatable humor."
,,
DESIGNER,What's your UX research process?,"I conduct user interviews, analyze analytics, and run usability tests with Figma prototypes. Findings inform personas and journey maps that guide design decisions toward solving real pain points."
DESIGNER,How do you create design systems?,"I audit existing components, establish typography/color hierarchies, and document responsive behaviors in Figma. Version control and contributor guidelines maintain consistency across products."
DESIGNER,What's your prototyping workflow?,"Low-fidelity wireframes (Balsamiq) validate concepts quickly, then high-fidelity interactive prototypes (Framer) test flows. I use variables for dynamic content and auto-layout for responsive designs."
DESIGNER,How do you handle design critiques?,"I present rationales (e.g., accessibility contrast ratios), listen openly to feedback, and iterate based on user data—not opinions. I separate ego from work to prioritize the best solution."
DESIGNER,What's your approach to mobile-first design?,"I start with constrained viewports, using progressive enhancement for larger screens. Touch targets (48x48px), legible typography (16px+), and simplified navigation optimize for thumb zones."
DESIGNER,How do you ensure accessibility?,"WCAG 2.1 AA compliance: color contrast (4.5:1), keyboard navigation, alt text, and ARIA labels. I test with screen readers (NVDA) and disability simulators (axe DevTools)."
DESIGNER,What's your favorite design tool and why?,"Figma—its real-time collaboration, auto-layout, and plugin ecosystem (Content Reel, Stark) streamline workflows. Version history and design libraries enable scalable team projects."
DESIGNER,How do you balance creativity and constraints?,"I view constraints (brand guidelines, tech limits) as creative challenges. Rapid sketching explores ideas within boundaries, then user testing validates what works best in practice."
,,
CONSULTANT,What's your problem-solving framework?,"I use MECE (Mutually Exclusive, Collectively Exhaustive) to structure issues, hypothesis-driven analysis to test solutions, and the 80/20 rule to prioritize high-impact recommendations."
CONSULTANT,How do you scope client engagements?,"I define deliverables, timelines, and success metrics in the SOW (Statement of Work). Discovery workshops identify stakeholder needs, while change order processes handle scope creep."
CONSULTANT,Describe your stakeholder management approach.,"I map power/influence levels, tailor communications (executive summaries vs. technical deep dives), and align solutions to individual KPIs. Regular check-ins maintain buy-in throughout projects."
CONSULTANT,What's your experience with change management?,"I use ADKAR (Awareness-Desire-Knowledge-Ability-Reinforcement) to drive adoption. Training, quick wins, and addressing resistance through co-creation ensure sustainable transformations."
CONSULTANT,How do you present findings to executives?,"I lead with the bottom line (1-pager summary), support with data visualizations, and provide actionable recommendations. Anticipating tough questions and rehearsing builds confidence."
CONSULTANT,What industries have you consulted for?,"Financial services (Basel III compliance), healthcare (EHR optimization), and retail (supply chain digitization). Cross-industry insights often spark innovative solutions."
CONSULTANT,How do you handle difficult clients?,"I diagnose root causes (e.g., fear of change), reframe objections as opportunities, and involve them in solution design. Clear boundaries and professionalism prevent scope abuse."
CONSULTANT,What's your fee structure?,"We offer fixed-fee for defined projects, time-and-materials for exploratory work, and value-based pricing for high-impact engagements (e.g., % of cost savings achieved)."
,,
CONSTRUCTION,How do you ensure job site safety?,"Daily toolbox talks, PPE enforcement, and hazard assessments (JHA) are baseline. Fall protection systems, equipment inspections, and emergency drills exceed OSHA standards."
CONSTRUCTION,What's critical path method?,"CPM identifies the longest sequence of dependent tasks determining project duration. We optimize by fast-tracking (parallel tasks) or crashing (adding resources), monitoring float in non-critical paths."
CONSTRUCTION,How do you manage subcontractors?,"Pre-qualification checks (safety records, financials), clear scopes of work in contracts, and weekly coordination meetings prevent delays. Incentives for early completion boost performance."
CONSTRUCTION,Describe your quality control process.,"We inspect work at predefined hold points (e.g., pre-pour checklists), use laser scanning for as-built verification, and document non-conformances with corrective action timelines."
CONSTRUCTION,What's your experience with BIM?,"I use Revit for 3D coordination (clash detection), 4D scheduling integration, and 5D cost estimation. Field crews access models via tablets for real-time issue resolution."
CONSTRUCTION,How do you handle change orders?,"We document impacts on cost/schedule before work begins, get signed approvals, and update budgets. Contingency funds (5-10% of project value) absorb minor changes without re-baselining."
CONSTRUCTION,What's lean construction?,"It minimizes waste through pull planning, just-in-time deliveries, and continuous improvement (Kaizen). Last Planner System enhances crew commitment to weekly work plans."
CONSTRUCTION,How do you mitigate weather delays?,"We analyze historical data to avoid high-risk periods, secure indoor work as backup, and use weather-tight enclosures. Contingency schedules account for seasonal patterns."
,,
role,question,answer
CHEF,How do you design seasonal menus?,"I source local ingredients at peak freshness, balance flavors/textures across courses, and consider kitchen workflow. Menu engineering analyzes profitability and popularity to guide item placement."
CHEF,What's your food cost control strategy?,"We calculate theoretical vs actual costs weekly, track waste with production sheets, and negotiate with suppliers. Standardized recipes and portion controls maintain consistency and margins."
CHEF,Describe your plating philosophy.,"I use odd-numbered compositions, color contrasts, and negative space. Sauces are applied with precision (dots, swipes), and garnishes must be edible and enhance flavor."
CHEF,How do you handle dietary restrictions?,"Allergies are flagged in our POS system, and we offer substitutions (e.g., gluten-free pasta). Separate prep areas and utensils prevent cross-contamination for severe allergies."
CHEF,What's your approach to kitchen staff training?,"I demonstrate techniques, then supervise hands-on practice. Weekly tastings educate staff on ingredients, and cross-training builds versatility during rushes."
CHEF,Describe a time you handled a food safety issue.,"When a cooler failed, I immediately moved perishables to backup units and discarded compromised items. We reviewed temperature logs and implemented additional checks."
CHEF,How do you stay updated on culinary trends?,"I attend trade shows (Fancy Food Show), follow James Beard updates, and experiment with global techniques (e.g., fermenting, sous-vide)."
CHEF,What's your signature dish and why?,My miso-marinated black cod balances umami and sweetness. It represents my philosophy of elevating simple ingredients through precise technique.
,,
BUSINESS-DEVELOPMENT,How do you identify partnership opportunities?,"I analyze industry trends for whitespace, assess strategic fit through capability mapping, and prioritize partners with complementary customer bases."
BUSINESS-DEVELOPMENT,What's your market entry strategy?,"We conduct PESTEL analysis, validate demand through lean testing, and choose between organic growth, JVs, or acquisitions based on risk appetite."
BUSINESS-DEVELOPMENT,How do you structure strategic alliances?,"Clear governance frameworks define decision rights, while joint business plans align incentives. Performance clauses and regular steering committees ensure accountability."
BUSINESS-DEVELOPMENT,Describe your pitch deck approach.,"I customize 10-slide decks: problem, solution, market size, traction, team, and ask. Visuals dominate, with appendix slides for detailed financials."
BUSINESS-DEVELOPMENT,What metrics track partnership success?,"Revenue share, customer acquisition costs, and NPS (Net Promoter Score). Leading indicators include co-marketing activity and pipeline influence."
BUSINESS-DEVELOPMENT,How do you negotiate term sheets?,"I prioritize deal-breakers (IP ownership), use BATNA analysis, and trade concessions strategically (e.g., lower royalty for exclusivity). Legal counsel reviews all terms."
BUSINESS-DEVELOPMENT,What's your experience with M&A?,"I've led due diligence teams assessing financials, tech stacks, and culture fit. Post-merger integration plans address systems harmonization and talent retention."
BUSINESS-DEVELOPMENT,How do you handle channel conflict?,Clear partner tiers with protected territories prevent overlap. Joint account planning and deal registration systems ensure fair credit allocation.
,,
BANKING,Explain KYC procedures.,"Know Your Customer involves verifying identity (government IDs), assessing risk (source of funds), and ongoing monitoring. AML regulations require documenting this process to prevent financial crimes."
BANKING,What's the difference between prime and subprime lending?,Prime loans serve borrowers with strong credit (FICO 670+) at lower rates. Subprime serves higher-risk borrowers with features like prepayment penalties to offset default risk.
BANKING,How do you analyze a loan application?,"We review credit history, DTI ratios, collateral value, and cash flow projections. Industry risk assessments and global cash flow analysis apply for commercial loans."
BANKING,Describe your fraud detection methods.,"Transaction monitoring flags anomalies (large cash deposits), while AI tools detect synthetic identity fraud. Employee training and segregation of duties create internal controls."
BANKING,What's your approach to interest rate risk?,"We use gap analysis to match asset/liability maturities and derivatives (swaps, caps) to hedge exposures. Stress testing evaluates impact under rate shock scenarios."
BANKING,How do you sell cross-bank products?,"By analyzing customer transaction patterns to identify needs (e.g., frequent wires suggest FX services). Bundling discounts increase adoption while deepening relationships."
BANKING,What's Basel III's impact?,Higher capital requirements (10.5% Tier 1 ratio) and liquidity coverage ratios (LCR) promote stability but reduce ROE. We optimize RWA (Risk-Weighted Assets) through portfolio adjustments.
BANKING,Describe a successful client retention strategy.,"Personalized financial reviews, proactive rate alerts, and exclusive events for high-net-worth clients reduced attrition by 30% in my portfolio."
,,
BPO,How do you improve call center metrics?,"We optimize AHT through knowledge bases, boost FCR with empowerment protocols, and improve CSAT via empathy training. Gamification motivates agents."
BPO,What's your approach to workforce management?,"Forecasting uses historical data + trend analysis. Optimized schedules balance full-time/part-time staff, with real-time adherence tools managing shrinkage."
BPO,How do you ensure quality in outsourced services?,"Calibration sessions align grading standards, while speech analytics flag compliance risks. Six Sigma reduces process variation across locations."
BPO,Describe your multilingual support strategy.,"Language skills are mapped to call volume patterns. Bilingual agents receive premium pay, and translation tech handles rare languages during overflow."
BPO,What's your experience with RPA in BPO?,I've automated invoice processing (70% faster) and data entry using UiPath. Center of Excellence trains teams to identify automation opportunities.
BPO,How do you handle peak season staffing?,We hire temporary workers with e-learning onboarding and use surge pricing for overflow to third parties. Cross-trained back-office staff provide support.
BPO,What's your strategy for reducing attrition?,"Career path programs, mental health support, and quarterly skill bonuses improved retention by 25%. Exit interviews identify actionable pain points."
BPO,Describe a crisis management situation.,"When a system outage hit, we activated backup sites within 15 minutes and communicated via SMS/email. Playbooks were updated post-incident with new redundancies."
,,
AVIATION,How do pilots handle turbulence?,"We monitor weather radar, slow to turbulence penetration speed (Va), and maintain altitude with small control inputs. Cabin crew secures the cabin and passengers."
AVIATION,What's MEL and how is it used?,"The Minimum Equipment List specifies which non-critical systems can be inoperative while maintaining airworthiness, with deferral procedures for maintenance."
AVIATION,Describe your pre-flight checklist process.,"We verify aircraft documents, fuel loads, weather briefings, and NOTAMs. Physical inspections include control surfaces and emergency equipment checks."
AVIATION,How do you manage crew resource management?,"Clear communication protocols (read-backs), task prioritization, and psychological safety ensure all crew members speak up about potential issues."
AVIATION,What's your experience with EFB (Electronic Flight Bag)?,"I use ForeFlight for charts/plates, perform weight/balance calculations digitally, and file flight plans electronically via FAA portals."
AVIATION,How do you handle emergency situations?,"Memory items address immediate actions (engine fire), followed by checklist completion. We declare emergencies early to prioritize ATC support and diversion options."
AVIATION,What's the difference between VFR and IFR?,Visual Flight Rules require visibility (3-5 miles) and cloud clearance. Instrument Flight Rules allow flying in clouds using ATC guidance and onboard instruments.
AVIATION,Describe your fuel planning approach.,"We carry trip fuel + contingency + alternate + final reserve (minimum 45 mins). Wind/weather adjustments are made enroute, with priority given to safety over economy."
,,
ARTS,How do you develop artistic style?,"Through deliberate practice, studying masters across eras, and experimentation. I maintain sketchbooks to track influences and breakthroughs over time."
ARTS,What's your creative process?,"Research and mood boards precede thumbnails/rough drafts. Critique loops refine the work, while deadlines balance perfectionism with completion."
ARTS,How do you price your artwork?,"I consider materials (canvas, paint), time (hourly rate), and market factors (exhibition demand). Limited editions command premium pricing over open editions."
ARTS,Describe your experience with galleries.,"I maintain a portfolio of 20+ pieces, negotiate 50/50 splits on sales, and provide certificates of authenticity. Opening nights are key for collector engagement."
ARTS,What's your approach to commissions?,"Detailed contracts specify deliverables, revisions, and timelines. I require 50% deposits and share progress photos to ensure client alignment."
ARTS,How do you handle creative blocks?,"I switch mediums (painting to sculpture), visit museums for inspiration, or impose constraints (monochromatic palette) to spark new perspectives."
ARTS,What art movements influence you?,"The color fields of Mark Rothko inform my abstractions, while Ai Weiwei's activism shapes my conceptual pieces about social justice."
ARTS,Describe a successful exhibition.,My 'Urban Fragments' show at XYZ Gallery sold 15 pieces by blending street photography with mixed media. The curator arranged press features that boosted my visibility.
,,
AUTOMOBILE,How do you diagnose check engine lights?,"I start with OBD-II scans for trouble codes, then use service manuals to trace causes through component testing. Common issues include oxygen sensors or loose gas caps."
AUTOMOBILE,What's the difference between AWD and 4WD?,"AWD is always active and automatically distributes power, ideal for on-road conditions. 4WD is driver-selectable for off-road use with locked differentials."
AUTOMOBILE,Describe your approach to preventative maintenance.,"Following manufacturer intervals for oil changes, filter replacements, and fluid flushes. I document services electronically and alert customers to upcoming needs."
AUTOMOBILE,How do you explain repair needs to customers?,I use analogies ('Your brake pads are like pencil erasers - worn down to 3mm needs replacement') and show worn parts to build trust.
AUTOMOBILE,What's your experience with hybrid systems?,"I'm certified in Toyota/Lexus HV systems, including battery health checks and inverter servicing. Special insulated tools ensure high-voltage safety."
AUTOMOBILE,How do you stay updated on new technologies?,"I complete OEM webinars (Ford Tech Makuloko), read SAE papers, and practice on manufacturer training simulators for ADAS calibrations."
AUTOMOBILE,Describe your diagnostic equipment.,"I use Autel scanners for coding, Pico scopes for electrical issues, and smoke machines for vacuum leaks. Factory scan tools handle brand-specific modules."
AUTOMOBILE,What's your approach to customer complaints?,"I listen fully, road-test to verify concerns, and provide video documentation of issues. Warranty administrators are consulted for coverage determinations."
,,
APPAREL,How do you forecast fashion trends?,"We analyze runway reports, street style data, and cultural shifts 18 months ahead. Pantone color releases and fabric mill innovations guide selections."
APPAREL,What's your sustainable sourcing strategy?,"We prioritize organic cotton, recycled polyester, and bluesign® certified factories. Blockchain tracks materials from farm to finished garment."
APPAREL,Describe your design process from sketch to sample.,"Concept sketches are digitized in CLO3D for virtual fitting, then graded for sizes. Physical prototypes undergo fit sessions on diverse models before production."
APPAREL,How do you optimize pattern making?,Lectra software nests patterns for minimal fabric waste (under 8%). We adjust grain lines and seam allowances to ensure drape and reduce production issues.
APPAREL,What's your approach to size inclusivity?,We develop blocks for 00-20 sizes with fit models at each end. Extended sizing considers proportional adjustments beyond simple scaling.
APPAREL,How do you handle quality control?,"Pre-production samples are tested for colorfastness and seam strength. During production, we conduct AQL inspections with defined acceptance criteria."
APPAREL,Describe your experience with tech packs.,"I create detailed packs including CADs, measurement specs, fabric swatches, and trim details. Revision tracking ensures factories work from current versions."
APPAREL,What's your strategy for markdowns?,"We analyze sell-through rates weekly, using early markdowns on slow movers to maximize total margin. Loyalty members get exclusive access to clearance."
,,
AGRICULTURE,How do you improve soil health?,"Crop rotation prevents nutrient depletion, while cover crops reduce erosion. We apply compost to boost organic matter and conduct annual soil tests."
AGRICULTURE,What's precision farming?,"GPS-guided equipment, soil sensors, and variable-rate technology optimize inputs. Drones map field variability, reducing fertilizer use by 20%."
AGRICULTURE,Describe your irrigation management.,Soil moisture sensors trigger automated drip systems. We calculate evapotranspiration rates and adjust for crop growth stages to conserve water.
AGRICULTURE,How do you select crop varieties?,We evaluate yield trials for disease resistance and maturity dates. Climate-adapted seeds (drought-tolerant corn) are prioritized for resilience.
AGRICULTURE,What's your pest management strategy?,"Integrated Pest Management combines resistant varieties, beneficial insects, and targeted pesticide use only when thresholds are exceeded."
AGRICULTURE,How do you handle harvest logistics?,"We coordinate with meteorologists to time harvests, arrange grain drying/storage, and use blockchain to track loads from field to buyer."
AGRICULTURE,Describe your equipment maintenance program.,"Pre-season servicing includes fluid changes and calibration. Telematics monitor engine hours, alerting us to schedule maintenance before failures occur."
AGRICULTURE,What's your experience with agritourism?,"We host farm-to-table dinners and educational tours. Liability waivers and safety signage are critical, while crop mazes boost fall revenue."
,,
ADVOCATE,What's your case preparation process?,"Client interviews establish facts, followed by legal research and precedent analysis. I draft arguments anticipating counterpoints and prepare evidence exhibits."
ADVOCATE,How do you handle hostile witnesses?,Leading questions control narratives during cross-examination. I impeach credibility with prior inconsistent statements while remaining composed to avoid alienating juries.
ADVOCATE,Describe your legal research methodology.,"I start with secondary sources (treatises), then verify with primary law (statutes, case law). Citators like Shepard's ensure authorities remain good law."
ADVOCATE,What's your approach to settlement negotiations?,"I assess BATNA (Best Alternative to Negotiated Agreement), emphasize client priorities, and use bracketing techniques to move toward favorable terms."
ADVOCATE,How do you manage client expectations?,"Initial consultations outline realistic outcomes, costs, and timelines. Regular updates, even when no progress occurs, maintain trust and prevent surprises."
ADVOCATE,What's your experience with alternative dispute resolution?,I've mediated 50+ cases using interest-based techniques. Arbitration requires careful vetting of neutrals and strategic presentation of evidence.
ADVOCATE,How do you stay current on legal changes?,Daily review of SCOTUSblog and state bar journals. I attend CLEs on emerging areas like cryptocurrency regulations and AI liability.
ADVOCATE,Describe your courtroom strategy.,"Clear opening statements roadmap arguments. I use demonstratives (timelines, charts) to simplify complex facts and connect emotionally during closings."
,,
ACCOUNTANT,What's the difference between cash and accrual accounting?,"Cash basis records transactions when money moves, while accrual recognizes revenue when earned and expenses when incurred. GAAP requires accrual for accurate reporting."
ACCOUNTANT,How do you detect financial fraud?,Analytical procedures identify anomalies (inventory shrinkage). I investigate journal entries without support and verify vendor legitimacy through TIN matching.
ACCOUNTANT,Describe your month-end close process.,"Reconcile all accounts, accrue expenses, review adjusting entries, and generate financials by day 5. Automation tools like BlackLine streamline tasks."
ACCOUNTANT,What's your experience with tax planning?,"I optimize deductions (QBI, R&D credits) and defer income through retirement contributions. Multi-state filings require nexus analysis to minimize liabilities."
ACCOUNTANT,How do you implement new accounting standards?,"I review FASB updates, assess operational impacts, and update policies/training. Transition adjustments are calculated and disclosed properly."
ACCOUNTANT,What ERP systems are you proficient with?,I've implemented NetSuite GL modules and configured automated workflows. Custom reports in SAP extract actionable insights from transactional data.
ACCOUNTANT,Describe your audit support experience.,"I prepare PBC (Prepared by Client) lists, explain variances, and provide electronic workpapers. Walkthroughs demonstrate process controls to auditors."
ACCOUNTANT,How do you explain complex financials to non-finance stakeholders?,I use visual dashboards highlighting KPIs and analogies ('Think of depreciation like spreading a laptop's cost over its useful life').
